,Ibge,HipertensÃ£o,Diabetes,Obesidade,Tabagismo,ano
0,420915,87,39,5,1,2014
1,420370,0,1,17,1,2014
2,421550,4,3,2,10,2014
3,420630,15,3,3,0,2014
4,420530,49,18,69,0,2014
5,421570,2370,929,482,85,2014
6,421840,8,2,0,0,2014
7,421725,96,64,31,5,2014
8,420130,239,109,153,18,2014
9,421175,539,179,43,63,2014
10,420460,1288,424,493,236,2014
11,420750,0,40,0,0,2014
12,420320,7136,2530,905,290,2014
13,421830,879,250,14,106,2014
14,420230,3,231,0,2,2014
15,420600,0,22,0,2,2014
16,420110,57,26,19,12,2014
17,421630,3193,1135,446,172,2014
18,420287,100,7,7,0,2014
19,420980,14,5,0,0,2014
20,420830,2937,865,339,66,2014
21,421020,21,6,1,0,2014
22,420290,1933,783,735,118,2014
23,421290,18,47,0,0,2014
24,421970,10,6,7,0,2014
25,420400,2,0,0,0,2014
26,421320,6,2,0,0,2014
27,420930,1,1,1,0,2014
28,421165,4,0,0,0,2014
29,420250,6,1,0,0,2014
30,420210,2959,1210,583,138,2014
31,421950,18,5,151,0,2014
32,421540,162,75,31,11,2014
33,421220,1454,539,96,112,2014
34,421000,1014,306,460,117,2014
35,420810,43,13,3,4,2014
36,421280,76,55,96,12,2014
37,421660,0,8,0,0,2014
38,421755,0,0,13,0,2014
39,421530,2,0,2,0,2014
40,421750,0,2,0,0,2014
0,420020,1848,495,196,25,2015
1,420940,57,41,0,14,2015
2,420500,291,48,135,11,2015
3,421568,8,0,0,0,2015
4,420810,2901,818,668,112,2015
5,420315,330,86,72,16,2015
6,421480,2170,507,655,192,2015
7,420517,0,2,0,0,2015
8,421875,155,31,58,0,2015
9,421670,280,76,21,19,2015
10,421620,134,63,5,0,2015
11,421410,565,181,431,133,2015
12,420660,162,51,104,7,2015
13,421940,103,35,18,10,2015
14,421580,3787,1778,65,6,2015
15,421770,839,212,105,24,2015
16,421660,484,310,25,24,2015
17,420550,4609,1706,329,114,2015
18,421280,70,64,142,4,2015
19,420985,52,16,12,8,2015
20,420325,81,53,3,0,2015
21,421755,10,12,3,1,2015
22,420665,0,0,1,2,2015
23,420560,0,0,0,6,2015
24,421530,613,141,34,11,2015
25,421750,5,4,7,0,2015
26,421130,2,13,0,0,2015
27,421450,444,143,10,6,2015
28,421935,199,41,39,27,2015
29,421460,188,118,88,6,2015
30,421510,47,13,4,6,2015
31,420845,809,400,10,20,2015
32,420417,98,32,9,3,2015
33,421890,846,303,69,20,2015
34,421680,69,35,2,8,2015
35,420840,2,0,0,4,2015
36,420205,595,249,8,2,2015
37,421570,2701,1141,416,229,2015
38,420170,98,32,14,2,2015
39,420140,4963,1660,810,221,2015
40,420430,8728,2611,1292,399,2015
41,420207,520,235,161,97,2015
42,421190,863,321,117,53,2015
43,420070,963,339,132,53,2015
44,421840,56,19,32,0,2015
45,420535,97,59,31,25,2015
46,421335,70,32,3,1,2015
47,421187,2,3,2,0,2015
48,421330,51,25,24,15,2015
49,420380,711,207,51,15,2015
50,421725,555,227,26,36,2015
51,421545,4,11,0,0,2015
52,421175,4081,1479,147,149,2015
53,420130,4049,1628,1104,276,2015
54,420120,602,191,63,40,2015
55,421350,1475,638,218,107,2015
56,420460,25972,8701,3194,933,2015
57,420970,1259,409,347,237,2015
58,421920,378,123,5,10,2015
59,421110,616,149,21,101,2015
60,420750,0,34,0,0,2015
61,421800,219,44,2,0,2015
62,421170,5,2,3,2,2015
63,421720,1410,436,307,121,2015
64,420270,0,0,0,7,2015
65,421820,1240,581,16,75,2015
66,420127,1707,127,31,9,2015
67,420675,2,0,0,0,2015
68,421950,5404,1878,1277,383,2015
69,420210,4139,1733,685,169,2015
70,421917,1062,248,173,110,2015
71,421505,2,5,5,14,2015
72,421600,1078,158,24,16,2015
73,421540,308,155,24,24,2015
74,420100,453,72,23,62,2015
75,420580,210,210,20,12,2015
76,420740,585,119,19,37,2015
77,421220,3163,896,81,192,2015
78,421520,14,1,0,1,2015
79,421000,709,219,96,76,2015
80,420340,899,300,25,29,2015
81,420419,2,0,3,0,2015
82,421300,1,0,0,0,2015
83,420540,7555,3303,455,450,2015
84,421715,24,34,7,34,2015
85,421003,854,289,73,71,2015
86,420320,8195,2736,721,433,2015
87,421565,1138,362,8,1,2015
88,421100,3029,496,497,22,2015
89,421775,2,1,4,0,2015
90,420860,267,97,9,7,2015
91,421850,480,111,18,15,2015
92,420690,1,3,18,0,2015
93,421315,1103,165,389,10,2015
94,420243,123,40,23,57,2015
95,421830,6900,2550,770,647,2015
96,420650,688,291,17,1,2015
97,421760,46,25,6,0,2015
98,421415,14,4,3,1,2015
99,421500,3613,1528,58,24,2015
100,420230,183,499,15,40,2015
101,421870,12015,5052,1746,831,2015
102,421010,3099,1279,127,37,2015
103,421310,35,9,0,1,2015
104,421205,688,129,190,64,2015
105,421005,56,50,99,10,2015
106,420040,577,52,6,2,2015
107,420600,207,93,3,0,2015
108,420257,0,0,0,7,2015
109,420900,215,104,10,2,2015
110,421270,87,21,1,2,2015
111,420110,360,92,18,74,2015
112,421630,4245,1411,695,355,2015
113,420213,12,0,12,0,2015
114,420280,1657,633,478,127,2015
115,420450,3467,1253,241,39,2015
116,420980,97,30,3,13,2015
117,420910,3020,1530,277,70,2015
118,420287,211,35,19,100,2015
119,420757,7,7,4,0,2015
120,421400,282,71,22,4,2015
121,421105,1142,259,167,43,2015
122,420890,7127,2928,747,1439,2015
123,420830,1568,474,137,55,2015
124,420395,23,11,0,0,2015
125,421795,249,83,35,30,2015
126,420475,1,0,1,0,2015
127,420850,1562,372,433,70,2015
128,421430,530,165,76,31,2015
129,421240,1,0,0,0,2015
130,420880,1,0,0,0,2015
131,420050,33,6,5,2,2015
132,420610,370,104,9,14,2015
133,421930,410,210,138,40,2015
134,421610,56,19,87,11,2015
135,420420,11827,3021,1088,315,2015
136,420780,563,142,147,107,2015
137,421700,401,185,23,14,2015
138,420700,664,254,17,8,2015
139,421020,330,141,49,58,2015
140,420200,1105,506,20,91,2015
141,420075,107,28,13,1,2015
142,420290,8900,3401,1200,469,2015
143,421290,1401,626,356,194,2015
144,420330,428,123,35,13,2015
145,420060,897,309,316,65,2015
146,421970,47,20,13,3,2015
147,421985,145,46,2,18,2015
148,421915,172,58,2,1,2015
149,420640,833,124,21,35,2015
150,420160,81,24,6,16,2015
151,420410,171,70,33,55,2015
152,421895,15,20,8,0,2015
153,420400,70,18,2,0,2015
154,420720,44,21,0,0,2015
155,421360,5,23,64,0,2015
156,421150,351,76,36,0,2015
157,420220,198,52,18,6,2015
158,420208,3,0,0,0,2015
159,420990,695,235,219,76,2015
160,421230,396,165,64,89,2015
161,421625,197,89,232,4,2015
162,420680,2,0,0,0,2015
163,420930,14937,5600,1209,1152,2015
164,421320,2954,909,85,4,2015
165,420785,2,1,1,2,2015
166,421060,543,144,3,35,2015
167,420209,223,56,81,30,2015
168,421165,211,73,128,15,2015
169,422000,80,68,17,14,2015
170,420440,1,1,1,0,2015
171,420250,298,45,44,24,2015
172,421055,1,0,0,0,2015
173,420760,503,302,27,10,2015
174,420080,1004,224,136,13,2015
175,421189,30,19,0,7,2015
176,420670,795,296,65,30,2015
177,420915,467,95,3,5,2015
178,420950,353,251,269,36,2015
179,420960,739,264,67,42,2015
180,420150,247,170,14,79,2015
181,421635,445,141,62,29,2015
182,421050,35,21,7,0,2015
183,420775,1,1,0,0,2015
184,420285,32,10,14,8,2015
185,421070,0,1,0,0,2015
186,421650,1593,487,220,82,2015
187,421575,528,69,139,16,2015
188,421560,31,8,93,7,2015
189,420455,1544,527,581,101,2015
190,420590,4876,1629,1013,287,2015
191,420820,15432,5925,3079,1114,2015
192,420370,517,189,8,2,2015
193,421740,875,289,29,11,2015
194,421550,162,38,1,0,2015
195,421555,173,91,52,20,2015
196,421885,30,3,1,5,2015
197,420630,15,6,14,50,2015
0,420670,3079,1052,157,72,2016
1,420950,1104,575,540,42,2016
2,420915,639,180,13,8,2016
3,420555,374,181,154,25,2016
4,421125,54,47,78,15,2016
5,421635,1113,415,39,54,2016
6,420150,148,183,6,19,2016
7,421050,4095,961,891,210,2016
8,420960,2001,957,242,169,2016
9,421227,206,44,34,38,2016
10,420285,2878,490,450,137,2016
11,420775,253,44,7,3,2016
12,421070,422,183,9,36,2016
13,421825,949,235,51,8,2016
14,421650,2610,806,410,108,2016
15,420710,1381,546,489,123,2016
16,421575,1129,256,492,105,2016
17,421690,4928,1365,400,196,2016
18,421880,130,37,18,3,2016
19,421560,133,51,166,15,2016
20,420215,513,156,1,19,2016
21,420515,380,154,97,44,2016
22,420820,23698,10029,5085,1543,2016
23,420590,4067,1355,647,570,2016
24,420370,1077,300,28,7,2016
25,420455,2808,1006,1085,207,2016
26,421740,2475,954,163,53,2016
27,421550,1097,440,30,2,2016
28,421470,2057,1118,220,202,2016
29,421140,1,0,0,0,2016
30,421555,1070,343,601,59,2016
31,420630,8896,2688,2446,769,2016
32,421885,315,65,166,20,2016
33,420620,429,179,2,1,2016
34,420195,834,362,151,73,2016
35,420020,2040,636,158,82,2016
36,421568,214,36,21,2,2016
37,420500,2069,599,386,389,2016
38,420940,4854,2307,342,354,2016
39,420510,614,180,217,168,2016
40,420810,7028,2183,2675,227,2016
41,421480,3674,1085,888,273,2016
42,420300,14416,3906,1806,772,2016
43,420315,686,195,137,16,2016
44,420517,444,154,111,35,2016
45,421875,754,154,4,30,2016
46,421620,1972,784,53,15,2016
47,421535,1098,174,490,41,2016
48,420895,484,176,85,15,2016
49,421670,1674,503,269,46,2016
50,420260,1353,407,80,23,2016
51,421940,773,263,63,31,2016
52,421410,51,45,112,9,2016
53,421860,1307,469,153,43,2016
54,420660,736,194,318,8,2016
55,420870,60,7,2,0,2016
56,421605,13,5,11,10,2016
57,420550,10482,4872,1297,425,2016
58,421660,22891,10958,1993,1462,2016
59,421580,13328,6669,223,48,2016
60,421770,1868,658,197,52,2016
61,421755,545,157,55,11,2016
62,421280,1006,351,69,27,2016
63,420325,241,108,7,0,2016
64,421380,755,228,40,19,2016
65,420985,182,41,176,12,2016
66,420560,97,35,5,8,2016
67,421250,1,1,0,0,2016
68,420665,6,10,3,2,2016
69,421530,4215,1092,528,290,2016
70,421130,2320,874,110,23,2016
71,421080,393,184,137,69,2016
72,421750,19,31,89,0,2016
73,421460,5173,1341,879,49,2016
74,421935,3395,709,529,334,2016
75,421450,805,261,6,25,2016
76,421510,6158,1863,771,261,2016
77,420030,69,49,4,68,2016
78,421680,178,116,23,21,2016
79,420417,78,29,4,1,2016
80,420845,2600,1383,216,27,2016
81,421890,571,222,66,28,2016
82,420530,1243,229,201,37,2016
83,420840,675,169,30,91,2016
84,421390,4,0,7,9,2016
85,420205,1405,625,107,6,2016
86,420170,3541,1056,828,244,2016
87,421570,1217,607,247,59,2016
88,420480,6744,2185,235,747,2016
89,421225,123,35,5,700,2016
90,420140,13098,4691,1476,527,2016
91,421190,12755,5035,1415,904,2016
92,420207,828,377,287,112,2016
93,421910,3174,666,91,363,2016
94,420430,10837,2751,882,235,2016
95,420070,2117,715,215,124,2016
96,421840,21,13,5,0,2016
97,421187,48,48,8,2,2016
98,421340,442,209,39,64,2016
99,420535,122,77,60,24,2016
100,421335,324,140,6,12,2016
101,420920,19,9,1,1,2016
102,421900,5128,2258,817,763,2016
103,421725,231,145,28,16,2016
104,420380,8101,2219,509,248,2016
105,421330,232,126,5,6,2016
106,421545,120,75,8,4,2016
107,420435,146,48,65,10,2016
108,420130,4559,1793,1452,325,2016
109,421175,3191,1317,131,221,2016
110,421350,1610,849,470,88,2016
111,420120,896,316,124,67,2016
112,421640,100,61,24,52,2016
113,420460,50823,20363,8031,1935,2016
114,420970,1750,610,495,252,2016
115,420240,5183,2004,766,347,2016
116,421920,650,174,136,36,2016
117,421710,124,49,33,42,2016
118,421800,7266,1779,117,13,2016
119,421170,1596,1092,491,249,2016
120,420750,9085,2758,988,768,2016
121,421110,471,158,16,8,2016
122,421569,17,10,117,9,2016
123,420540,53053,21576,3045,2698,2016
124,421003,2174,465,82,146,2016
125,420165,531,94,287,59,2016
126,421715,481,158,29,77,2016
127,420320,10483,3354,904,424,2016
128,421100,3636,606,84,14,2016
129,421565,3870,952,21,23,2016
130,420860,399,139,9,3,2016
131,421850,221,177,27,25,2016
132,420917,1268,427,312,69,2016
133,420770,2442,541,767,127,2016
134,420690,3392,1298,382,166,2016
135,421315,1378,206,484,16,2016
136,420243,186,67,16,19,2016
137,421200,1758,507,249,131,2016
138,421830,6911,2541,788,649,2016
139,421760,3053,1097,1452,457,2016
140,420090,1907,381,97,57,2016
141,420650,1679,658,49,33,2016
142,421415,445,156,17,21,2016
143,421500,6002,3787,260,220,2016
144,420230,2721,1407,1011,177,2016
145,420425,6694,2937,1247,582,2016
146,421960,76,46,28,6,2016
147,421010,8668,4531,347,108,2016
148,421870,19315,8828,2843,1244,2016
149,420490,3099,1308,213,53,2016
150,421310,845,300,88,196,2016
151,420520,142,99,93,61,2016
152,420180,2385,286,208,0,2016
153,420600,1050,335,20,10,2016
154,421205,553,109,69,14,2016
155,420040,342,80,12,1,2016
156,421005,132,61,99,33,2016
157,420257,7,0,3,20,2016
158,420900,3193,1228,151,99,2016
159,421270,4976,1109,196,168,2016
160,420110,175,30,2,150,2016
161,421440,57,48,111,10,2016
162,421630,4743,1569,864,338,2016
163,421210,2914,895,174,708,2016
164,420213,674,146,106,10,2016
165,421120,3278,1656,934,363,2016
166,421780,4119,1393,795,52,2016
167,420280,1988,828,147,40,2016
168,421567,7,3,0,0,2016
169,420910,39641,23577,4225,1843,2016
170,420450,4481,1844,392,169,2016
171,420287,295,71,73,256,2016
172,420980,99,26,4,1,2016
173,421040,214,72,11,10,2016
174,420757,3,1,0,0,2016
175,421400,5949,1511,919,376,2016
176,420253,209,48,6,57,2016
177,421507,179,62,110,14,2016
178,420830,3738,1341,292,156,2016
179,420890,16821,7206,2020,1825,2016
180,421105,2234,500,131,127,2016
181,420475,160,33,125,8,2016
182,420395,1360,720,54,130,2016
183,421795,312,93,16,8,2016
184,420850,3394,534,239,78,2016
185,421430,811,279,211,84,2016
186,421240,475,187,49,62,2016
187,420880,1995,919,232,252,2016
188,420050,462,124,52,9,2016
189,421930,867,428,374,8,2016
190,420610,297,79,9,55,2016
191,421610,980,158,372,65,2016
192,420420,44235,11197,3964,1017,2016
193,420200,4215,2111,132,313,2016
194,420700,10106,5757,473,165,2016
195,420780,1594,518,344,290,2016
196,420010,1343,116,45,38,2016
197,421020,303,124,26,39,2016
198,421700,343,174,54,168,2016
199,420075,515,70,68,25,2016
200,420390,1147,323,96,28,2016
201,420290,13378,5410,1984,999,2016
202,420330,3218,736,564,240,2016
203,421290,4252,1678,1437,387,2016
204,421145,616,136,170,56,2016
205,421370,2519,758,365,142,2016
206,421970,1184,412,357,104,2016
207,421985,391,155,16,27,2016
208,420060,1918,781,369,18,2016
209,420415,11,3,3,3,2016
210,420470,3785,620,105,64,2016
211,420640,2607,512,96,52,2016
212,421915,647,125,13,3,2016
213,421030,60,12,1,3,2016
214,420720,4025,1784,583,130,2016
215,420400,1011,292,40,38,2016
216,420160,526,199,181,56,2016
217,420545,6322,3285,523,132,2016
218,420410,648,157,212,22,2016
219,421895,6,38,49,0,2016
220,421360,2314,720,356,61,2016
221,420570,556,214,36,11,2016
222,420790,1292,207,0,0,2016
223,420220,3505,1064,254,120,2016
224,421150,3258,765,371,30,2016
225,420730,2581,3429,39,11,2016
226,420208,84,13,7,3,2016
227,420055,11,5,0,0,2016
228,421230,1783,517,123,68,2016
229,420768,984,264,43,8,2016
230,420990,4540,1019,728,89,2016
231,421625,3158,627,632,73,2016
232,421223,789,148,27,8,2016
233,421790,1270,459,536,29,2016
234,420680,1,1,0,0,2016
235,420930,27232,10203,2389,1665,2016
236,421060,3107,808,44,429,2016
237,421320,4763,1710,311,70,2016
238,420785,117,50,38,6,2016
239,421165,324,62,124,0,2016
240,420360,6786,2095,317,767,2016
241,422000,6951,2966,1573,294,2016
242,420245,805,298,150,125,2016
243,420209,647,128,145,58,2016
244,420250,108,32,1,3,2016
245,421160,1587,712,112,227,2016
246,421055,40,49,53,1,2016
247,420080,1387,203,102,3,2016
248,420760,2168,943,62,207,2016
249,420445,690,738,289,54,2016
250,421490,409,80,43,25,2016
251,421265,348,210,113,22,2016
252,421730,253,34,17,22,2016
253,421720,2468,836,837,213,2016
254,420800,2133,285,92,240,2016
255,420270,193,56,23,3,2016
256,421820,9665,4021,219,688,2016
257,420127,1097,233,219,44,2016
258,421590,146,39,8,11,2016
259,420945,341,43,27,0,2016
260,420543,1240,180,21,4,2016
261,420675,0,1,0,1,2016
262,421950,10282,3533,1092,572,2016
263,420210,4953,2002,333,192,2016
264,421917,2092,499,445,243,2016
265,421505,61,23,4,0,2016
266,420125,3414,1292,1452,516,2016
267,421090,1159,583,107,82,2016
268,421600,1740,277,31,24,2016
269,421540,399,220,34,9,2016
270,420580,772,653,83,54,2016
271,420100,936,293,83,135,2016
272,421420,292,114,143,16,2016
273,421185,1161,244,54,65,2016
274,420740,1300,244,24,212,2016
275,421220,5352,1594,162,141,2016
276,420350,1629,467,909,91,2016
277,420310,4016,588,195,117,2016
278,421520,380,113,20,40,2016
279,420519,862,275,351,140,2016
280,420005,134,29,2,1,2016
281,421000,1329,342,483,117,2016
282,420340,1463,256,19,9,2016
283,420419,277,47,31,59,2016
284,420765,3853,488,481,19,2016
285,421835,1697,631,265,66,2016
286,421300,112,24,46,1,2016
0,421260,24,11,3,16,2017
1,421720,3805,1287,857,267,2017
2,420800,2490,470,312,265,2017
3,420270,710,342,107,15,2017
4,421590,183,46,8,9,2017
5,421820,7620,3016,510,481,2017
6,420945,624,133,120,23,2017
7,420543,3518,547,11,2,2017
8,420127,513,151,181,59,2017
9,420675,3,0,1,0,2017
10,420210,2521,1225,288,153,2017
11,421950,7563,2567,1367,551,2017
12,421090,1448,803,120,6,2017
13,421917,1042,269,249,151,2017
14,420125,1170,442,594,73,2017
15,421505,51,7,1,1,2017
16,421600,1026,203,11,17,2017
17,421540,307,153,26,5,2017
18,420100,618,205,33,37,2017
19,421185,935,273,137,100,2017
20,421420,792,373,309,119,2017
21,420580,996,669,230,77,2017
22,421220,2554,839,212,168,2017
23,420005,227,51,0,2,2017
24,420740,945,151,55,146,2017
25,420310,2045,470,244,67,2017
26,420350,3105,792,767,250,2017
27,420519,508,159,195,54,2017
28,421520,533,129,36,17,2017
29,421000,1398,354,396,99,2017
30,420340,564,212,44,28,2017
31,420419,138,18,31,110,2017
32,421300,1164,401,442,99,2017
33,420765,2305,460,434,11,2017
34,421835,1747,546,912,153,2017
35,421180,42,7,3,0,2017
36,420950,646,330,276,14,2017
37,420670,2657,1139,144,66,2017
38,420555,447,143,59,81,2017
39,421125,201,109,12,24,2017
40,420915,66,58,102,8,2017
41,421050,4803,1195,519,222,2017
42,420960,3329,1806,351,129,2017
43,421635,877,384,21,54,2017
44,421227,1105,258,194,107,2017
45,420150,78,46,7,6,2017
46,420285,587,152,318,84,2017
47,420775,239,153,23,23,2017
48,421070,421,159,31,30,2017
49,421825,548,220,112,26,2017
50,420710,922,382,230,93,2017
51,421650,2201,776,207,39,2017
52,420515,781,196,315,215,2017
53,420215,582,275,23,59,2017
54,421690,4657,1275,335,237,2017
55,421880,780,341,104,143,2017
56,421575,542,219,253,0,2017
57,421560,60,42,152,6,2017
58,420820,24926,11745,5801,1955,2017
59,421470,4355,1520,1253,458,2017
60,420455,2553,1025,500,194,2017
61,421550,975,347,31,23,2017
62,420370,1002,381,74,88,2017
63,421740,1739,711,624,166,2017
64,420590,2794,1105,556,356,2017
65,421140,644,290,159,53,2017
66,420630,6511,2021,1244,253,2017
67,421555,1081,315,205,35,2017
68,420195,1311,633,265,145,2017
69,420620,207,192,5,4,2017
70,421885,71,45,150,15,2017
71,420020,3255,902,336,185,2017
72,420940,2087,1090,234,87,2017
73,420500,723,258,283,194,2017
74,421568,669,257,146,108,2017
75,420510,515,176,145,67,2017
76,420810,3007,1179,733,106,2017
77,421480,3984,1676,890,276,2017
78,420300,9178,2988,1190,534,2017
79,420315,433,38,100,21,2017
80,420517,464,215,56,27,2017
81,421620,3783,1605,78,49,2017
82,421670,1811,495,467,53,2017
83,421535,353,129,211,91,2017
84,421875,1153,410,356,41,2017
85,420895,72,63,53,3,2017
86,420260,1434,574,38,51,2017
87,421860,1814,691,757,137,2017
88,420660,1242,122,268,4,2017
89,421940,435,211,82,37,2017
90,421410,149,63,3,19,2017
91,420870,335,292,197,17,2017
92,421605,432,176,48,6,2017
93,421580,13015,5563,1117,350,2017
94,421660,21670,10712,2394,1197,2017
95,420550,9057,4739,2709,964,2017
96,421770,2073,924,325,161,2017
97,421280,3633,1109,199,175,2017
98,421755,589,237,84,40,2017
99,421380,678,319,32,23,2017
100,420325,111,32,2,36,2017
101,420560,216,85,182,23,2017
102,420665,153,68,5,14,2017
103,421250,1031,528,53,24,2017
104,420985,176,34,83,11,2017
105,421530,3042,945,1117,260,2017
106,421130,3714,1465,154,45,2017
107,421080,1298,400,368,47,2017
108,421750,172,245,131,9,2017
109,421510,4333,1412,618,282,2017
110,421460,3281,814,674,24,2017
111,421450,855,291,61,16,2017
112,421935,777,206,168,86,2017
113,420030,57,42,2,111,2017
114,420840,1170,274,25,60,2017
115,421890,1384,426,409,47,2017
116,421680,1034,358,64,57,2017
117,420530,5051,1159,586,316,2017
118,420845,2555,1162,489,76,2017
119,420417,286,106,12,13,2017
120,421390,30,3,32,81,2017
121,420170,3130,1017,626,206,2017
122,421570,1624,903,378,73,2017
123,420480,5531,1923,203,853,2017
124,420205,340,275,25,0,2017
125,421225,398,170,37,17,2017
126,420140,18390,6645,3403,1128,2017
127,420430,5399,1797,412,553,2017
128,421910,1691,470,46,71,2017
129,421190,17353,7568,4205,1143,2017
130,420207,1148,476,254,139,2017
131,420535,334,208,173,57,2017
132,421340,1766,498,176,468,2017
133,421840,83,93,5,28,2017
134,420070,824,270,147,81,2017
135,421335,835,325,42,21,2017
136,421187,95,46,102,8,2017
137,420920,23,10,1,2,2017
138,420380,7407,2436,497,160,2017
139,421900,5845,2395,1920,527,2017
140,420190,970,215,89,15,2017
141,421545,430,218,17,56,2017
142,421725,139,105,18,10,2017
143,420435,34,14,2,5,2017
144,421330,151,64,40,38,2017
145,420130,3454,1524,1124,275,2017
146,421350,2309,1254,557,118,2017
147,420120,1535,487,240,74,2017
148,421175,2367,882,82,81,2017
149,421810,1099,212,158,131,2017
150,421640,289,124,52,10,2017
151,420970,2397,538,196,123,2017
152,420240,12444,5429,1612,2460,2017
153,420460,33017,12579,4158,1254,2017
154,421920,783,232,80,23,2017
155,421710,102,30,7,8,2017
156,421800,4269,1042,135,126,2017
157,420750,8967,2964,1463,532,2017
158,421170,1598,1112,365,230,2017
159,421110,1451,430,100,6,2017
160,421569,165,16,55,19,2017
161,420540,32240,13610,2266,1935,2017
162,421003,1348,324,152,60,2017
163,421715,114,36,18,20,2017
164,420165,796,175,460,116,2017
165,420320,10446,3687,830,282,2017
166,421100,1662,437,96,18,2017
167,421775,739,233,229,52,2017
168,421565,1313,302,4,43,2017
169,420690,3928,1535,514,188,2017
170,420770,990,296,482,24,2017
171,420860,147,52,13,5,2017
172,420917,922,343,571,42,2017
173,421850,103,76,33,12,2017
174,420243,148,63,23,30,2017
175,421315,231,23,169,57,2017
176,421200,1859,659,220,76,2017
177,421830,8061,3314,885,635,2017
178,421760,1989,822,874,120,2017
179,420650,1447,624,123,69,2017
180,421415,237,47,104,8,2017
181,420090,619,183,78,25,2017
182,420425,7593,3708,1610,489,2017
183,421500,6864,3130,532,377,2017
184,420230,9625,5173,2017,318,2017
185,421960,1325,456,349,131,2017
186,421010,12647,4698,1203,469,2017
187,421870,18449,8855,3058,1566,2017
188,420490,2839,1102,295,80,2017
189,420520,119,112,175,24,2017
190,421310,582,518,101,39,2017
191,420180,726,66,39,19,2017
192,420600,5421,2077,125,132,2017
193,421205,693,163,41,9,2017
194,420040,307,113,32,2,2017
195,421005,39,50,79,11,2017
196,420257,1,10,16,0,2017
197,421270,4936,1167,173,80,2017
198,420900,2028,948,112,56,2017
199,420110,880,243,112,106,2017
200,421440,250,101,19,24,2017
201,421630,3492,1161,317,189,2017
202,421210,2337,786,194,657,2017
203,420213,738,138,116,19,2017
204,421120,4355,1924,1079,333,2017
205,421780,1162,575,421,31,2017
206,420280,2939,1085,117,69,2017
207,421567,127,61,7,2,2017
208,420450,2446,973,486,115,2017
209,420910,54976,33952,8123,2403,2017
210,420287,228,114,25,38,2017
211,420980,174,69,173,24,2017
212,421040,677,104,22,2,2017
213,420757,140,46,17,7,2017
214,421400,3403,908,306,114,2017
215,420253,1233,243,86,188,2017
216,421507,300,77,147,85,2017
217,421105,2002,822,109,84,2017
218,421795,394,118,21,101,2017
219,420830,5165,2116,502,92,2017
220,420890,9168,3689,2607,954,2017
221,420395,848,634,135,132,2017
222,420475,543,117,275,32,2017
223,420880,1398,687,29,56,2017
224,421240,287,197,64,55,2017
225,421430,881,220,133,68,2017
226,420850,1136,155,28,7,2017
227,421610,3662,737,1210,213,2017
228,421930,3256,1371,742,368,2017
229,420610,1138,347,100,57,2017
230,420050,335,82,86,17,2017
231,420700,6346,3670,660,143,2017
232,420420,36624,9801,3611,1131,2017
233,421700,366,312,67,87,2017
234,420780,2102,714,551,310,2017
235,420010,967,127,7,26,2017
236,420075,821,138,41,11,2017
237,420200,8999,3455,975,802,2017
238,420390,1389,512,166,58,2017
239,421020,115,107,17,6,2017
240,420290,15598,6590,3777,1280,2017
241,421290,2013,826,862,85,2017
242,421145,1614,395,303,149,2017
243,420330,1283,386,37,74,2017
244,421985,132,107,24,9,2017
245,421370,4686,1447,789,186,2017
246,421970,1483,741,617,91,2017
247,420060,1462,556,296,85,2017
248,420415,197,45,44,20,2017
249,420640,3197,652,474,103,2017
250,421915,467,118,28,2,2017
251,420470,3303,849,372,91,2017
252,421030,27,6,1,0,2017
253,420720,5166,1591,353,120,2017
254,420410,328,150,88,83,2017
255,420545,4417,1925,804,119,2017
256,421895,83,39,62,8,2017
257,420160,131,27,15,16,2017
258,420400,316,194,154,26,2017
259,421360,4392,1624,411,171,2017
260,420570,1734,776,301,142,2017
261,420220,2013,679,392,137,2017
262,420730,687,412,94,116,2017
263,421150,1751,487,173,12,2017
264,420208,282,55,48,7,2017
265,420790,775,252,30,6,2017
266,420055,92,18,0,3,2017
267,421085,0,1,0,0,2017
268,420990,2723,1011,600,305,2017
269,420680,431,123,120,28,2017
270,421625,2600,527,673,29,2017
271,421230,1056,474,66,22,2017
272,421223,778,150,36,14,2017
273,420768,3,1,11,1,2017
274,421790,4457,1034,1607,507,2017
275,420930,25618,10249,3151,2230,2017
276,421320,4145,1777,893,100,2017
277,421060,3046,820,512,279,2017
278,420785,84,25,73,4,2017
279,422000,1345,1400,115,65,2017
280,420360,3693,1337,421,380,2017
281,420245,1798,927,609,223,2017
282,421165,247,77,19,3,2017
283,420440,634,108,24,17,2017
284,420209,142,22,6,0,2017
285,421055,421,114,21,13,2017
286,421160,1688,708,430,361,2017
287,420250,198,46,1,0,2017
288,420445,1722,620,243,73,2017
289,420760,1036,601,47,52,2017
290,420080,1176,227,55,10,2017
291,421490,329,106,241,14,2017
292,421730,252,67,56,20,2017
293,421189,154,131,45,46,2017
294,421265,129,69,26,10,2017
0,420940,1899,1143,897,86,2018
1,420500,658,356,443,389,2018
2,420020,1977,379,95,37,2018
3,421568,485,312,93,94,2018
4,420510,69,28,10,6,2018
5,420810,3999,1215,701,76,2018
6,421480,1248,930,100,179,2018
7,420315,463,74,88,18,2018
8,420300,9539,3219,997,400,2018
9,420517,110,107,19,9,2018
10,420895,124,96,15,17,2018
11,421875,1507,493,216,21,2018
12,421670,1477,228,314,33,2018
13,421535,689,305,518,131,2018
14,421620,3917,1246,75,48,2018
15,421410,806,288,22,33,2018
16,420660,476,70,5,2,2018
17,420260,1936,745,79,58,2018
18,421860,1405,493,206,59,2018
19,421605,1401,518,121,2,2018
20,420870,370,302,138,54,2018
21,421940,500,302,227,26,2018
22,421660,17833,10197,2467,1619,2018
23,420550,7566,4286,2998,1103,2018
24,421770,4439,1623,500,193,2018
25,421380,1291,279,50,27,2018
26,421280,3903,1337,334,145,2018
27,421580,14220,5948,2213,414,2018
28,420325,559,260,25,61,2018
29,421250,2496,1191,336,154,2018
30,420560,179,74,546,36,2018
31,421755,188,136,129,3,2018
32,420985,95,28,62,4,2018
33,420665,83,48,4,1,2018
34,421130,5935,2494,226,111,2018
35,421080,1251,445,399,20,2018
36,421530,4030,1262,2270,1088,2018
37,421750,15,15,87,0,2018
38,421510,1323,245,62,39,2018
39,421450,666,242,34,3,2018
40,421460,2120,603,495,21,2018
41,421935,528,150,77,28,2018
42,420030,2,2,2,135,2018
43,420530,4795,1325,379,81,2018
44,420845,2311,873,724,114,2018
45,421680,1819,529,40,25,2018
46,420840,1307,319,82,107,2018
47,420417,59,6,0,6,2018
48,421890,1524,529,660,58,2018
49,421390,12,0,5,8,2018
50,420480,8625,3189,1220,1260,2018
51,421570,1598,917,201,59,2018
52,421225,1214,534,103,20,2018
53,420205,703,347,41,5,2018
54,420170,1677,481,295,40,2018
55,420430,4009,1791,347,60,2018
56,421190,19479,10087,5569,1596,2018
57,421910,1971,413,41,142,2018
58,420140,10230,4224,1467,533,2018
59,420207,718,351,120,59,2018
60,420070,462,228,87,52,2018
61,420535,393,210,197,59,2018
62,420920,23,22,4,10,2018
63,421340,2094,526,294,261,2018
64,421187,108,76,152,6,2018
65,421335,362,99,95,0,2018
66,421840,311,159,6,6,2018
67,420380,11439,3426,555,561,2018
68,420190,342,57,35,1,2018
69,421900,4745,1705,822,588,2018
70,421545,1273,331,25,84,2018
71,421330,361,142,85,47,2018
72,421725,163,77,21,29,2018
73,420435,12,11,2,1,2018
74,420120,1447,648,214,96,2018
75,421350,3293,1613,335,88,2018
76,421810,2819,928,711,353,2018
77,421175,2789,839,45,45,2018
78,420130,3420,1444,698,169,2018
79,421640,683,231,426,51,2018
80,420460,26497,11086,2349,832,2018
81,420240,15779,10732,3592,2421,2018
82,420970,2841,923,295,165,2018
83,421920,1367,308,60,8,2018
84,421710,4,4,2,1,2018
85,421170,1919,1355,334,641,2018
86,420750,10992,3045,1703,481,2018
87,421800,1640,631,91,473,2018
88,421110,597,218,40,7,2018
89,421569,258,19,123,10,2018
90,420540,25173,10346,1919,1351,2018
91,421003,1233,270,89,92,2018
92,420165,961,260,385,64,2018
93,421715,374,137,26,14,2018
94,420320,5868,2232,672,177,2018
95,421100,2308,580,246,40,2018
96,421565,1708,555,27,68,2018
97,421775,761,335,301,98,2018
98,420690,5516,2424,1108,363,2018
99,420917,997,256,255,21,2018
100,421850,355,141,31,63,2018
101,420860,142,24,57,8,2018
102,420770,630,162,314,23,2018
103,421315,232,98,182,4,2018
104,421200,1230,403,70,68,2018
105,420243,14,12,6,2,2018
106,421830,7167,3129,625,549,2018
107,421760,1986,938,713,190,2018
108,420090,1751,450,208,47,2018
109,421415,219,71,143,32,2018
110,420650,1610,585,243,119,2018
111,421500,8706,3293,578,233,2018
112,420230,13553,7053,3745,576,2018
113,420425,7192,3038,1177,307,2018
114,421960,933,357,412,55,2018
115,421870,16347,7748,2789,1196,2018
116,421010,13522,4567,1879,751,2018
117,420490,3126,1044,439,77,2018
118,420520,299,210,142,48,2018
119,421310,1075,299,293,46,2018
120,420600,1628,1079,373,111,2018
121,420180,453,75,209,35,2018
122,420040,448,86,21,5,2018
123,421205,703,213,24,33,2018
124,421005,98,31,175,17,2018
125,420257,2,18,11,0,2018
126,421270,3076,756,187,64,2018
127,420900,1940,985,149,70,2018
128,420110,979,357,129,21,2018
129,421440,248,39,127,44,2018
130,421630,2977,1080,479,201,2018
131,421210,1516,503,135,164,2018
132,420213,256,160,10,13,2018
133,421120,2197,996,694,205,2018
134,421780,2671,1307,101,32,2018
135,420280,2290,918,74,143,2018
136,421567,78,20,2,1,2018
137,420910,64324,44022,9858,3872,2018
138,421040,1123,355,22,12,2018
139,420450,2021,634,366,55,2018
140,420980,76,53,158,22,2018
141,420757,361,147,21,5,2018
142,420287,386,105,11,37,2018
143,421507,397,143,250,68,2018
144,421400,1380,368,128,76,2018
145,420253,338,91,188,96,2018
146,420670,2277,1001,108,61,2018
147,420950,985,497,287,68,2018
148,420915,84,92,155,7,2018
149,421125,396,130,74,25,2018
150,420555,132,56,8,5,2018
151,420150,183,110,13,9,2018
152,421050,5055,1335,884,162,2018
153,421227,1497,337,323,101,2018
154,420960,2892,1429,223,130,2018
155,421635,562,193,21,6,2018
156,420285,989,299,590,150,2018
157,420775,170,129,31,29,2018
158,421070,301,183,12,22,2018
159,421825,260,104,58,15,2018
160,421650,1716,610,68,61,2018
161,420710,1689,504,258,37,2018
162,420515,1253,411,288,154,2018
163,421690,4262,1232,708,239,2018
164,421880,1248,373,81,390,2018
165,421575,644,204,230,5,2018
166,420215,558,194,45,37,2018
167,421560,186,122,175,31,2018
168,420590,4232,1850,1134,519,2018
169,420820,29569,13597,8333,2713,2018
170,421140,854,446,236,35,2018
171,421470,1738,556,654,252,2018
172,421550,1209,470,13,6,2018
173,420370,810,450,80,69,2018
174,421740,1765,536,1028,316,2018
175,420455,1769,742,316,127,2018
176,420630,6415,2216,1566,250,2018
177,420195,2816,1170,814,266,2018
178,421885,561,58,24,15,2018
179,420620,247,213,14,16,2018
180,421555,188,57,11,50,2018
181,420890,11128,4832,3762,1580,2018
182,420830,4101,2144,587,143,2018
183,420475,759,150,366,47,2018
184,420395,651,465,67,32,2018
185,421795,235,98,102,33,2018
186,421105,2050,1476,919,97,2018
187,420880,1617,897,64,198,2018
188,420850,1650,175,35,31,2018
189,421430,549,115,106,18,2018
190,421240,259,300,473,95,2018
191,421610,4185,635,2020,341,2018
192,421930,7458,3544,1739,898,2018
193,420050,153,92,125,36,2018
194,420610,562,254,164,37,2018
195,420200,11308,4184,1749,622,2018
196,420420,42640,12580,4796,2241,2018
197,420700,7093,4253,509,134,2018
198,420075,988,200,10,10,2018
199,420780,2446,807,561,540,2018
200,420390,799,268,56,23,2018
201,420010,1009,187,383,43,2018
202,421700,637,361,135,136,2018
203,421020,68,56,22,18,2018
204,421145,698,257,244,73,2018
205,420330,2200,605,302,113,2018
206,420290,16285,6465,4430,1717,2018
207,421290,775,190,644,8,2018
208,420060,681,463,240,45,2018
209,421370,3877,1343,802,431,2018
210,421970,1303,767,664,70,2018
211,421985,340,164,49,29,2018
212,420415,250,66,58,22,2018
213,420640,2259,460,334,67,2018
214,421915,579,206,41,3,2018
215,420470,3440,910,532,109,2018
216,421030,470,171,16,17,2018
217,420545,4377,1758,350,120,2018
218,420160,589,230,55,19,2018
219,421895,316,108,34,8,2018
220,420720,4624,1438,503,62,2018
221,420400,1098,502,316,101,2018
222,420410,196,63,47,10,2018
223,420570,1940,1121,298,194,2018
224,421360,3342,1673,459,191,2018
225,421150,2306,571,170,38,2018
226,420208,628,164,122,36,2018
227,420730,814,791,316,132,2018
228,420790,1557,310,93,22,2018
229,420220,2404,780,735,210,2018
230,421085,129,104,16,0,2018
231,420055,155,174,7,6,2018
232,421790,1080,328,229,103,2018
233,421625,2565,522,687,46,2018
234,420990,2129,698,411,291,2018
235,420768,432,125,97,1,2018
236,421230,795,491,88,19,2018
237,421223,381,138,10,7,2018
238,420680,210,40,56,11,2018
239,420930,29278,12305,4549,2688,2018
240,421060,2247,892,874,361,2018
241,421320,4726,1565,1171,75,2018
242,420785,213,76,39,2,2018
243,420360,3486,1366,701,397,2018
244,420245,969,411,191,58,2018
245,420440,2230,547,600,106,2018
246,420209,40,6,10,7,2018
247,421165,292,101,19,1,2018
248,422000,1007,1228,85,70,2018
249,420250,423,107,19,26,2018
250,421160,1458,733,855,152,2018
251,421055,38,35,38,2,2018
252,420760,902,584,123,20,2018
253,420445,2267,576,426,64,2018
254,420080,857,184,32,109,2018
255,421490,953,682,120,25,2018
256,421730,903,248,159,72,2018
257,421265,247,144,20,30,2018
258,421189,112,68,17,13,2018
259,421720,3034,854,1239,230,2018
260,420800,2125,324,316,103,2018
261,420270,475,246,124,6,2018
262,421260,603,248,287,101,2018
263,421820,5472,2114,699,297,2018
264,420543,3756,751,20,37,2018
265,421590,161,142,68,35,2018
266,420945,824,166,327,10,2018
267,420127,533,129,158,18,2018
268,421090,914,602,362,12,2018
269,421950,8348,3435,2291,555,2018
270,421917,1160,339,190,186,2018
271,420210,3447,1710,514,200,2018
272,421505,106,39,2,5,2018
273,420125,884,397,537,152,2018
274,421540,347,243,33,5,2018
275,421600,1747,436,78,41,2018
276,421420,4016,1205,884,349,2018
277,420100,288,113,15,13,2018
278,420580,748,373,121,88,2018
279,421185,557,184,33,37,2018
280,420740,860,259,19,75,2018
281,420310,2568,530,189,104,2018
282,421220,4182,1234,336,173,2018
283,420350,1649,575,609,220,2018
284,420005,266,40,97,3,2018
285,421520,185,82,78,37,2018
286,420519,280,86,30,87,2018
287,421000,1695,567,1040,103,2018
288,420340,378,231,40,12,2018
289,420419,4,0,2,20,2018
290,420765,1075,339,405,11,2018
291,421300,1384,476,397,104,2018
292,421180,1340,359,511,30,2018
293,421835,575,149,438,43,2018
0,420800,1066,289,206,15,2019
1,421720,3400,1251,1453,390,2019
2,420270,540,285,140,29,2019
3,421260,565,211,186,38,2019
4,421820,3075,1341,578,296,2019
5,421590,582,147,187,1,2019
6,420543,4452,939,127,29,2019
7,420127,256,90,166,8,2019
8,420945,132,49,18,8,2019
9,420675,189,83,7,1,2019
10,421950,7374,3354,1512,493,2019
11,420210,3599,1733,320,118,2019
12,420125,221,232,270,33,2019
13,421090,857,838,352,21,2019
14,421505,78,25,1,5,2019
15,421917,540,198,182,38,2019
16,421600,1506,331,36,9,2019
17,421540,342,191,36,5,2019
18,420580,358,170,31,43,2019
19,420100,229,65,3,5,2019
20,421420,3967,1160,357,161,2019
21,421185,612,228,62,26,2019
22,421220,2676,896,249,165,2019
23,421520,434,249,103,42,2019
24,420740,276,198,19,85,2019
25,420310,2145,652,242,147,2019
26,420350,888,279,451,115,2019
27,420519,442,149,40,72,2019
28,420005,240,45,49,16,2019
29,421000,1620,825,988,266,2019
30,420340,1464,507,31,34,2019
31,420419,478,146,49,70,2019
32,420765,1332,456,428,10,2019
33,421300,502,189,154,13,2019
34,421180,750,73,651,2,2019
35,421835,144,82,190,7,2019
36,420950,1025,654,359,78,2019
37,420670,3145,1993,161,63,2019
38,420555,67,18,2,1,2019
39,421125,449,206,372,2,2019
40,420915,130,62,49,15,2019
41,420960,2299,823,121,102,2019
42,420150,613,425,40,56,2019
43,421227,467,166,388,50,2019
44,421635,409,188,108,6,2019
45,421050,1864,851,923,50,2019
46,420775,377,193,52,44,2019
47,420285,1536,550,855,205,2019
48,421070,165,95,12,20,2019
49,421825,262,105,36,52,2019
50,421650,2074,846,154,108,2019
51,420710,1301,668,92,18,2019
52,421690,5715,2139,1325,362,2019
53,421575,662,165,269,14,2019
54,421880,1599,730,132,81,2019
55,420215,101,48,39,57,2019
56,421560,116,52,327,18,2019
57,420515,1170,476,192,131,2019
58,420820,22732,10496,5810,1951,2019
59,421470,1406,407,790,190,2019
60,420590,4872,2318,899,520,2019
61,421140,627,403,374,16,2019
62,421550,831,411,16,4,2019
63,421740,1486,524,676,235,2019
64,420455,1213,568,411,74,2019
65,420370,1116,558,193,32,2019
66,420630,937,452,170,67,2019
67,420620,445,289,155,50,2019
68,421885,552,174,32,22,2019
69,420195,3268,1191,1656,75,2019
70,421555,228,123,80,15,2019
71,420940,2695,1505,1036,232,2019
72,421568,467,478,230,94,2019
73,420020,1826,312,98,16,2019
74,420500,363,248,434,253,2019
75,420510,166,79,77,17,2019
76,420810,3276,1115,419,28,2019
77,420300,6481,2733,843,336,2019
78,421480,676,575,82,170,2019
79,420315,433,109,154,24,2019
80,420517,119,100,10,5,2019
81,421620,1751,617,37,18,2019
82,421875,2088,654,241,38,2019
83,420895,145,163,12,23,2019
84,421670,1010,194,222,23,2019
85,421535,611,298,453,92,2019
86,420260,1316,469,58,27,2019
87,421860,1274,477,184,47,2019
88,421605,930,484,42,16,2019
89,421410,276,109,138,9,2019
90,420660,602,71,46,10,2019
91,420870,435,444,88,132,2019
92,421940,732,315,137,50,2019
93,421250,2221,1029,404,136,2019
94,421660,18750,10977,3264,1302,2019
95,421280,2936,1172,221,120,2019
96,421580,12488,5554,1925,289,2019
97,420550,8244,4261,2473,1011,2019
98,421770,3637,1755,1349,155,2019
99,420325,660,371,50,7,2019
100,420665,357,95,153,13,2019
101,421755,320,138,137,9,2019
102,420985,305,92,36,37,2019
103,421380,661,261,170,135,2019
104,420560,126,46,391,22,2019
105,421130,5159,2882,318,66,2019
106,421080,1510,589,525,48,2019
107,421530,4487,1502,2525,986,2019
108,421750,105,111,62,8,2019
109,421510,910,329,125,31,2019
110,420030,352,133,26,76,2019
111,421450,565,238,8,13,2019
112,421460,1790,493,312,36,2019
113,421935,288,68,40,31,2019
114,421890,917,339,256,34,2019
115,421680,1100,348,53,73,2019
116,420840,1062,141,21,12,2019
117,420530,4948,1228,538,101,2019
118,420845,3150,1701,1082,136,2019
119,420417,201,4,0,0,2019
120,421390,541,101,185,90,2019
121,421570,2010,1284,722,107,2019
122,420480,10086,4042,1442,1817,2019
123,420170,2361,672,187,20,2019
124,420205,1963,1050,219,120,2019
125,421225,945,342,89,46,2019
126,420140,4677,2786,995,183,2019
127,421190,13715,7530,3749,1022,2019
128,420207,1268,501,130,32,2019
129,420430,3157,1247,228,85,2019
130,421910,990,207,54,44,2019
131,420070,490,240,112,46,2019
132,421840,292,207,5,22,2019
133,420535,246,174,217,37,2019
134,421187,371,118,129,3,2019
135,421335,64,80,34,40,2019
136,420920,38,32,2,3,2019
137,421340,1284,285,79,168,2019
138,421900,5447,2470,708,556,2019
139,420380,8605,2852,388,451,2019
140,421545,401,147,17,34,2019
141,421330,234,135,37,18,2019
142,421725,415,193,52,45,2019
143,420190,44,14,9,3,2019
144,420435,1,1,1,0,2019
145,421175,2516,930,67,74,2019
146,420120,1261,558,224,76,2019
147,421350,3492,1746,334,116,2019
148,420130,2500,1047,407,216,2019
149,421810,1186,324,134,34,2019
150,421640,237,177,67,4,2019
151,420240,18930,15128,4336,2017,2019
152,420460,22795,12434,2988,906,2019
153,420970,2440,719,102,50,2019
154,421920,1231,363,55,46,2019
155,421710,300,59,26,5,2019
156,421800,1691,735,236,352,2019
157,421170,1773,1245,459,249,2019
158,420750,6932,2108,603,710,2019
159,421110,1169,370,52,12,2019
160,421569,154,48,81,6,2019
161,421003,975,308,43,63,2019
162,420540,37457,15675,2935,2061,2019
163,421715,384,133,174,6,2019
164,420165,756,281,254,62,2019
165,420320,1969,869,202,57,2019
166,421100,1403,437,186,28,2019
167,421775,779,352,147,52,2019
168,421565,1707,745,87,128,2019
169,421850,519,197,66,89,2019
170,420770,389,198,116,18,2019
171,420690,3775,1637,1107,360,2019
172,420917,683,289,133,17,2019
173,420860,70,38,67,7,2019
174,421200,1286,519,255,75,2019
175,421315,42,16,49,3,2019
176,420243,51,20,7,0,2019
177,421830,6536,3161,568,409,2019
178,420650,1630,696,442,111,2019
179,421760,824,731,307,115,2019
180,420090,682,259,24,3,2019
181,421415,170,71,120,8,2019
182,421500,6740,3169,310,203,2019
183,420230,17350,9469,3649,1064,2019
184,421960,391,232,214,14,2019
185,420425,5394,1648,613,276,2019
186,421870,16947,8087,2676,1345,2019
187,420490,2784,1052,485,109,2019
188,420520,147,177,91,9,2019
189,421010,11885,4831,1273,1054,2019
190,421310,573,271,125,15,2019
191,420600,2145,1224,363,114,2019
192,420180,208,35,130,15,2019
193,421205,1272,412,55,164,2019
194,421005,50,38,160,3,2019
195,420040,448,106,39,10,2019
196,420257,2,33,97,15,2019
197,420900,1970,1008,213,126,2019
198,421270,3695,989,157,64,2019
199,420110,76,52,6,27,2019
200,421440,909,418,22,28,2019
201,421630,4718,2197,794,215,2019
202,420213,771,150,72,13,2019
203,421210,1853,546,78,221,2019
204,421780,2363,1037,452,108,2019
205,421120,2774,1189,673,315,2019
206,420280,1899,852,102,76,2019
207,421567,144,56,32,29,2019
208,420910,70240,50126,9902,3493,2019
209,420757,286,170,119,1,2019
210,420287,548,128,11,21,2019
211,420450,2586,838,452,92,2019
212,420980,134,66,19,4,2019
213,421040,433,131,13,15,2019
214,421400,1545,413,120,165,2019
215,421507,359,189,96,52,2019
216,420253,236,32,171,27,2019
217,420830,3406,2439,721,204,2019
218,421105,1273,328,24,56,2019
219,421795,325,357,190,18,2019
220,420395,594,476,56,15,2019
221,420890,11476,5697,3477,1308,2019
222,420475,195,61,107,15,2019
223,420880,3087,903,194,274,2019
224,420850,1022,106,29,17,2019
225,421430,377,57,35,5,2019
226,421240,613,514,523,100,2019
227,421930,4942,2527,924,520,2019
228,420610,663,311,192,19,2019
229,421610,1035,291,260,26,2019
230,420050,281,170,111,27,2019
231,420700,3301,2896,382,135,2019
232,421700,1690,648,300,160,2019
233,420200,10687,4349,1967,775,2019
234,420010,1272,368,29,43,2019
235,420420,49841,15616,6460,2698,2019
236,421020,218,87,83,30,2019
237,420780,3469,1068,692,371,2019
238,420075,842,117,51,18,2019
239,420390,587,259,40,34,2019
240,420290,14556,6023,3532,1239,2019
241,420330,2122,764,95,153,2019
242,421145,487,180,76,12,2019
243,421290,1215,337,634,27,2019
244,421970,2754,1449,1237,224,2019
245,420060,1110,570,351,61,2019
246,421370,1105,392,78,54,2019
247,420415,61,8,0,0,2019
248,421985,116,30,6,0,2019
249,420640,1561,407,125,76,2019
250,420470,4082,1265,769,112,2019
251,421030,1542,411,107,43,2019
252,421915,395,109,33,3,2019
253,420545,2698,1089,179,180,2019
254,420410,165,65,28,1,2019
255,420720,1834,661,377,29,2019
256,420400,913,347,222,90,2019
257,421895,367,236,71,17,2019
258,420160,203,105,16,21,2019
259,421360,2830,1320,485,74,2019
260,420570,1452,824,379,162,2019
261,420220,2391,792,658,206,2019
262,421150,1829,631,483,103,2019
263,420055,624,268,50,26,2019
264,420730,2661,1546,780,313,2019
265,420790,2421,260,129,35,2019
266,420208,738,180,108,26,2019
267,421085,51,31,1,3,2019
268,421790,2242,668,530,132,2019
269,421625,1999,462,452,30,2019
270,421230,863,712,167,57,2019
271,420768,946,388,245,11,2019
272,420990,1496,405,314,124,2019
273,421223,259,103,21,11,2019
274,420680,131,57,5,10,2019
275,421320,1729,782,346,65,2019
276,420930,22479,8960,3336,1983,2019
277,421060,2190,784,848,265,2019
278,420785,382,164,78,15,2019
279,420360,2803,975,264,354,2019
280,420440,1146,289,366,67,2019
281,422000,585,1351,79,52,2019
282,420245,942,406,296,18,2019
283,420209,195,46,113,3,2019
284,421165,86,56,20,12,2019
285,421160,1047,782,495,99,2019
286,420250,229,115,17,15,2019
287,421055,14,16,31,5,2019
288,420760,729,537,125,10,2019
289,420445,387,269,508,7,2019
290,420080,488,237,55,20,2019
291,421490,657,166,230,4,2019
292,421730,1307,316,592,106,2019
293,421189,139,195,38,16,2019
294,421265,136,140,22,8,2019
0,421720,3815,1271,884,159,2020
1,421260,475,219,336,22,2020
2,420800,688,299,115,22,2020
3,420270,570,307,102,5,2020
4,420543,1082,401,160,66,2020
5,421820,3378,1336,558,254,2020
6,420127,322,85,95,9,2020
7,421590,284,105,52,1,2020
8,420945,2190,492,175,23,2020
9,420675,153,86,4,3,2020
10,420210,4001,1941,257,111,2020
11,421950,3807,1669,534,168,2020
12,420125,1659,770,294,53,2020
13,421917,242,92,113,6,2020
14,421090,2006,1107,352,24,2020
15,421505,72,53,2,3,2020
16,421600,1014,164,11,23,2020
17,421540,154,82,24,0,2020
18,420580,792,522,158,47,2020
19,420100,71,48,2,3,2020
20,421420,4819,1325,504,276,2020
21,421185,412,94,30,12,2020
22,420310,1404,688,241,107,2020
23,421220,1655,526,201,39,2020
24,421520,313,185,116,67,2020
25,420740,109,83,14,20,2020
26,420350,950,804,188,77,2020
27,420005,610,149,14,25,2020
28,420519,47,35,9,6,2020
29,421000,1378,556,454,82,2020
30,420340,452,194,24,19,2020
31,420419,134,34,4,5,2020
32,420765,1395,432,355,10,2020
33,421180,285,115,81,15,2020
34,421300,160,45,31,14,2020
35,421835,675,574,124,62,2020
36,421568,633,186,125,25,2020
37,420940,1463,1008,382,128,2020
38,420510,299,124,191,41,2020
39,420020,3853,1037,837,372,2020
40,420500,1359,521,199,131,2020
41,420810,4132,1434,442,12,2020
42,420315,453,236,111,22,2020
43,420300,5261,2315,840,243,2020
44,421480,1137,759,169,134,2020
45,420517,92,84,12,11,2020
46,421620,2346,1497,88,22,2020
47,421535,499,230,522,67,2020
48,421670,1060,351,249,8,2020
49,421875,1268,521,161,33,2020
50,420895,198,127,10,34,2020
51,421605,415,200,10,0,2020
52,420660,311,51,157,10,2020
53,421410,562,170,77,12,2020
54,421940,119,90,35,8,2020
55,420260,427,191,62,16,2020
56,421860,995,357,72,20,2020
57,420870,159,95,14,11,2020
58,421770,1993,1188,466,80,2020
59,420985,343,124,113,30,2020
60,420550,4742,2631,1008,305,2020
61,421250,3581,1378,687,62,2020
62,421280,5069,1972,228,146,2020
63,421380,593,171,83,34,2020
64,420665,138,52,28,5,2020
65,421660,13311,8455,1833,512,2020
66,421580,6731,3358,857,100,2020
67,421755,524,204,148,6,2020
68,420325,391,151,3,4,2020
69,420560,150,45,66,17,2020
70,421130,2490,2090,60,16,2020
71,421080,1013,498,178,42,2020
72,421530,1198,496,811,145,2020
73,421750,352,208,86,10,2020
74,420030,959,350,52,17,2020
75,421935,326,78,9,3,2020
76,421510,779,344,70,5,2020
77,421450,603,241,12,15,2020
78,421460,532,136,31,9,2020
79,421270,2871,819,142,43,2020
80,420900,1769,989,438,111,2020
81,420110,18,28,2,12,2020
82,421440,40,21,1,4,2020
83,421210,1170,413,58,90,2020
84,420213,1036,260,36,19,2020
85,421630,4827,2249,344,189,2020
86,421120,3160,1525,727,180,2020
87,421780,881,415,111,12,2020
88,420280,2763,1320,299,71,2020
89,421567,441,149,14,13,2020
90,420910,56211,44093,8167,1568,2020
91,420980,189,78,20,21,2020
92,420450,1603,614,258,37,2020
93,420757,288,131,39,1,2020
94,420287,234,70,1,16,2020
95,421040,1097,425,5,73,2020
96,421400,1016,400,161,103,2020
97,420253,684,141,51,96,2020
98,421507,217,101,35,9,2020
99,420670,1970,1555,184,88,2020
100,420950,819,407,103,31,2020
101,421125,244,96,158,1,2020
102,420915,80,38,27,14,2020
103,420555,15,21,1,1,2020
104,420960,1846,1236,112,64,2020
105,421050,1410,813,679,53,2020
106,421227,571,227,286,13,2020
107,420150,634,434,63,40,2020
108,421635,208,78,62,4,2020
109,420285,1104,419,616,181,2020
110,420775,824,342,74,51,2020
111,421825,335,119,42,79,2020
112,421070,200,104,14,30,2020
113,421650,1260,593,100,86,2020
114,420710,2045,823,72,37,2020
115,421690,2644,1864,638,142,2020
116,421575,302,116,124,0,2020
117,420215,166,116,29,17,2020
118,420515,312,158,51,1,2020
119,421560,133,50,97,27,2020
120,421880,541,251,63,68,2020
121,420820,17766,8681,4454,1330,2020
122,421470,2078,749,345,142,2020
123,421740,1676,638,271,101,2020
124,420590,4528,2203,761,135,2020
125,421140,448,245,177,8,2020
126,420370,935,538,112,19,2020
127,420455,1288,726,423,75,2020
128,421550,632,384,22,16,2020
129,420195,3172,1201,2288,94,2020
130,420620,594,353,183,31,2020
131,420630,632,467,49,12,2020
132,421885,282,123,22,8,2020
133,421555,266,206,132,8,2020
134,420845,5815,3081,1753,279,2020
135,421890,1355,535,249,35,2020
136,420530,5956,1309,402,59,2020
137,420840,949,489,32,51,2020
138,421680,326,224,8,23,2020
139,421390,293,65,189,48,2020
140,420417,161,61,124,29,2020
141,420480,7264,2938,1130,1281,2020
142,420205,2631,1201,488,121,2020
143,421570,1510,916,326,71,2020
144,420170,1459,522,178,68,2020
145,421225,371,155,82,6,2020
146,421190,9347,7036,3606,567,2020
147,420140,6157,3617,850,158,2020
148,420430,2990,1271,409,79,2020
149,420207,1937,809,229,89,2020
150,421910,2008,474,53,11,2020
151,421340,1904,375,231,230,2020
152,420535,205,238,119,18,2020
153,421840,281,218,12,7,2020
154,420070,594,328,494,21,2020
155,421335,177,79,7,20,2020
156,421187,403,110,49,2,2020
157,420920,71,41,52,6,2020
158,421900,4672,2317,1074,405,2020
159,420380,5079,1781,165,219,2020
160,421725,340,131,12,16,2020
161,420190,522,195,58,12,2020
162,421330,287,144,47,15,2020
163,420435,82,30,19,1,2020
164,421545,432,333,19,14,2020
165,421175,1572,594,53,35,2020
166,420130,3978,2200,302,93,2020
167,421350,3706,1680,358,108,2020
168,420120,1440,503,272,66,2020
169,421640,349,266,60,56,2020
170,421810,427,294,62,35,2020
171,421710,599,98,17,3,2020
172,420460,20389,11351,1988,385,2020
173,420240,19535,20898,3390,1756,2020
174,420970,4392,1215,244,147,2020
175,421920,936,176,37,17,2020
176,421800,1183,572,196,27,2020
177,421170,2649,1769,535,69,2020
178,421110,888,353,47,1,2020
179,420750,4174,2023,391,81,2020
180,421569,185,105,101,9,2020
181,420540,11458,6511,931,812,2020
182,421715,599,311,262,3,2020
183,421003,630,306,84,49,2020
184,420165,2654,860,669,106,2020
185,421100,918,852,136,25,2020
186,421775,499,295,193,30,2020
187,421565,661,513,61,39,2020
188,420320,2882,1342,256,52,2020
189,420770,259,204,93,10,2020
190,420690,3598,1580,582,187,2020
191,420917,639,370,164,46,2020
192,421850,267,137,19,15,2020
193,420860,157,72,58,16,2020
194,421200,930,388,270,23,2020
195,421315,145,65,83,4,2020
196,420243,154,38,8,25,2020
197,421760,900,617,252,51,2020
198,421830,4338,2392,425,129,2020
199,420090,719,308,111,41,2020
200,421415,358,107,290,6,2020
201,420650,3434,1459,713,260,2020
202,420230,17610,10084,3768,1339,2020
203,421960,1605,479,582,36,2020
204,420425,3781,1535,265,122,2020
205,421500,4515,2326,266,83,2020
206,421870,7742,4728,911,271,2020
207,420490,2161,806,200,33,2020
208,421010,9486,5087,594,395,2020
209,421310,371,273,116,4,2020
210,420520,124,118,63,12,2020
211,421005,56,74,34,11,2020
212,420600,1786,1052,195,35,2020
213,420180,160,49,104,21,2020
214,420257,724,309,17,12,2020
215,421205,427,136,12,21,2020
216,420040,283,132,69,2,2020
217,420890,9623,4818,2074,693,2020
218,420395,772,649,119,28,2020
219,420830,3173,2063,650,156,2020
220,421105,376,230,35,13,2020
221,420475,485,132,229,11,2020
222,421795,528,226,156,11,2020
223,420880,4926,1412,127,129,2020
224,421240,612,280,383,39,2020
225,420850,1179,400,26,22,2020
226,421430,266,66,23,6,2020
227,421610,2380,712,336,64,2020
228,421930,6639,3189,818,271,2020
229,420610,810,314,175,23,2020
230,420050,293,142,38,7,2020
231,420420,29362,10130,4301,1138,2020
232,420200,11369,6433,2554,556,2020
233,421700,1780,499,247,77,2020
234,420075,280,52,14,1,2020
235,420390,774,405,85,12,2020
236,420780,1941,742,459,237,2020
237,421020,227,153,30,16,2020
238,420700,1708,1752,230,69,2020
239,420010,742,276,119,23,2020
240,420290,13629,6473,4165,652,2020
241,421290,2562,1126,563,146,2020
242,421145,796,288,127,23,2020
243,420330,1969,842,82,69,2020
244,420060,520,405,164,56,2020
245,421970,2302,1288,425,39,2020
246,421370,957,419,96,17,2020
247,421985,133,59,15,3,2020
248,420415,10,5,0,0,2020
249,420470,1863,803,526,38,2020
250,421030,709,263,51,18,2020
251,420640,1973,584,51,26,2020
252,421915,310,98,18,3,2020
253,420545,1237,637,89,22,2020
254,421895,193,456,27,6,2020
255,420720,2642,896,348,49,2020
256,420400,443,209,34,56,2020
257,420160,454,512,93,37,2020
258,420410,496,163,23,14,2020
259,421360,2911,1141,640,87,2020
260,420570,1929,1038,182,87,2020
261,421085,237,116,117,7,2020
262,421150,1525,482,342,34,2020
263,420055,567,240,66,16,2020
264,420208,317,155,93,19,2020
265,420790,2115,551,150,27,2020
266,420220,2098,938,1067,223,2020
267,420730,2236,1247,421,188,2020
268,421790,1721,522,291,58,2020
269,421230,705,432,105,11,2020
270,421625,1070,351,105,34,2020
271,421223,590,166,70,21,2020
272,420990,1200,285,112,82,2020
273,420680,299,136,70,45,2020
274,420768,493,243,105,9,2020
275,420930,10645,4538,1569,923,2020
276,421060,2002,668,550,111,2020
277,421320,2097,1182,283,14,2020
278,420785,235,93,37,14,2020
279,421165,251,80,45,9,2020
280,420209,227,83,51,8,2020
281,420440,1009,241,233,64,2020
282,422000,1146,1788,285,58,2020
283,420360,2307,795,275,227,2020
284,420245,2311,809,464,22,2020
285,421055,11,59,22,13,2020
286,421160,1067,788,385,99,2020
287,420250,146,101,6,14,2020
288,420760,233,223,42,2,2020
289,420080,510,235,170,14,2020
290,420445,1131,402,424,14,2020
291,421490,1062,220,130,9,2020
292,421265,804,412,188,60,2020
293,421730,603,187,439,25,2020
294,421189,249,151,179,32,2020
0,420510,824,384,258,42,2021
1,420940,2772,1548,504,92,2021
2,420020,5721,1667,1074,191,2021
3,420500,2501,987,178,316,2021
4,421568,699,148,99,6,2021
5,420300,5365,2899,1360,233,2021
6,420810,3884,1275,307,14,2021
7,421480,716,709,147,161,2021
8,420315,271,102,18,8,2021
9,420517,142,136,37,6,2021
10,421620,8130,4561,271,64,2021
11,421535,567,256,512,62,2021
12,421875,1322,492,199,30,2021
13,421670,1353,617,403,10,2021
14,420895,616,195,25,8,2021
15,420870,395,146,195,3,2021
16,421860,1065,447,93,28,2021
17,420260,371,204,231,26,2021
18,421605,435,233,12,0,2021
19,421410,675,189,69,16,2021
20,420660,468,120,156,2,2021
21,421940,1473,485,310,47,2021
22,421580,8176,3908,1794,184,2021
23,421380,1069,398,193,47,2021
24,421770,2638,1982,586,99,2021
25,421660,58259,27323,4650,986,2021
26,420550,8876,5561,1877,461,2021
27,421280,12008,5280,1835,136,2021
28,421755,1352,468,238,41,2021
29,420985,677,315,136,58,2021
30,420560,321,115,11,11,2021
31,421250,8538,4141,1543,71,2021
32,420665,915,363,35,25,2021
33,420325,653,297,45,16,2021
34,421130,9895,4720,467,141,2021
35,421530,4233,1423,1006,216,2021
36,421750,1023,451,88,11,2021
37,421080,1573,864,660,73,2021
38,421510,2107,817,136,22,2021
39,421935,1063,418,120,70,2021
40,421460,976,247,26,9,2021
41,421450,1624,811,201,27,2021
42,420030,2224,988,240,68,2021
43,420395,3899,2573,137,18,2021
44,420890,12250,6834,3098,737,2021
45,420830,6534,3515,949,184,2021
46,421795,1334,621,355,12,2021
47,420475,451,231,283,15,2021
48,421105,672,572,53,39,2021
49,420880,12537,4557,666,51,2021
50,420850,1314,390,113,25,2021
51,421240,791,387,510,51,2021
52,421430,459,127,86,15,2021
53,421930,7075,3190,1033,278,2021
54,421610,3749,1412,616,142,2021
55,420610,1376,623,515,60,2021
56,420050,267,203,128,6,2021
57,420200,17563,8434,3860,863,2021
58,420420,24050,9744,4051,1312,2021
59,420780,645,330,184,85,2021
60,421700,13304,4169,388,23,2021
61,420010,1636,652,353,21,2021
62,421020,421,285,182,11,2021
63,420390,1379,709,287,96,2021
64,420700,30478,12900,486,202,2021
65,420075,12,5,1,0,2021
66,420330,1613,755,62,15,2021
67,421290,7800,2833,758,182,2021
68,420290,11672,5628,3346,611,2021
69,421145,1937,730,614,23,2021
70,421370,6694,2618,990,94,2021
71,421970,5686,2183,932,46,2021
72,420060,1180,703,451,38,2021
73,421985,206,80,8,2,2021
74,420415,41,9,0,0,2021
75,420470,2512,1385,407,32,2021
76,421030,1082,366,121,11,2021
77,420640,1644,489,234,22,2021
78,421915,263,137,20,18,2021
79,420720,10045,3762,468,54,2021
80,420545,4747,2378,810,260,2021
81,421895,190,423,75,13,2021
82,420410,1448,411,49,16,2021
83,420400,797,412,73,56,2021
84,420160,912,567,73,23,2021
85,421360,3394,1628,520,120,2021
86,420570,2385,1412,316,102,2021
87,420790,1821,892,317,51,2021
88,420730,6878,3480,1450,335,2021
89,420220,2575,951,1683,322,2021
90,421150,2902,999,606,85,2021
91,420055,501,188,58,16,2021
92,420208,1128,315,92,20,2021
93,421085,653,371,13,8,2021
94,421230,2840,1497,312,119,2021
95,421790,2241,664,383,68,2021
96,421223,697,221,24,23,2021
97,420768,4369,1086,430,68,2021
98,420990,2835,1063,146,379,2021
99,421625,1459,420,58,9,2021
100,420680,927,351,137,17,2021
101,421320,5474,2696,792,63,2021
102,420785,918,320,67,4,2021
103,421060,2398,923,765,211,2021
104,420930,14368,7028,2414,967,2021
105,422000,8720,5544,274,68,2021
106,420245,8084,3059,557,32,2021
107,420209,139,62,65,6,2021
108,420440,2909,701,425,245,2021
109,420360,3613,1386,338,215,2021
110,421165,223,61,247,8,2021
111,421160,7750,2640,456,157,2021
112,420250,457,186,54,33,2021
113,421055,198,321,142,36,2021
114,420080,1151,452,366,26,2021
115,420445,984,426,673,17,2021
116,420760,739,741,42,14,2021
117,421265,5281,2616,219,118,2021
118,421189,703,364,500,112,2021
119,421490,887,272,261,20,2021
120,421730,1447,425,316,25,2021
121,421720,6656,2161,926,91,2021
122,420800,1581,579,200,81,2021
123,420270,1369,660,201,44,2021
124,421260,1355,379,176,18,2021
125,420945,1249,421,857,80,2021
126,420543,540,279,199,55,2021
127,421820,4343,1619,675,209,2021
128,420675,381,150,20,9,2021
129,421590,4844,1595,148,2,2021
130,420127,388,96,270,13,2021
131,420125,2240,851,461,59,2021
132,420210,4529,2278,724,157,2021
133,421950,8927,3395,1870,551,2021
134,421090,824,693,359,8,2021
135,421505,297,147,13,10,2021
136,421917,199,97,162,19,2021
137,421600,1140,210,58,60,2021
138,421540,604,211,204,3,2021
139,421185,334,164,24,8,2021
140,421420,2098,673,256,21,2021
141,420580,2133,949,329,82,2021
142,420100,161,59,35,23,2021
143,420005,448,132,20,37,2021
144,421520,1815,887,327,55,2021
145,421220,1113,378,215,26,2021
146,420310,915,543,175,82,2021
147,420350,1828,836,213,217,2021
148,420740,980,546,283,82,2021
149,420519,1852,646,24,18,2021
150,420340,1016,515,157,36,2021
151,421000,7915,2577,760,79,2021
152,420419,564,136,16,3,2021
153,420765,1536,660,340,24,2021
154,421180,331,136,69,12,2021
155,421835,1701,1100,279,12,2021
156,421300,475,172,116,28,2021
157,420950,1052,524,31,37,2021
158,420670,2872,1852,327,105,2021
159,420555,188,128,25,3,2021
160,420915,632,426,355,16,2021
161,421125,491,264,403,0,2021
162,421227,480,263,285,29,2021
163,420960,10764,4243,193,67,2021
164,420150,4029,1615,104,24,2021
165,421050,5382,1978,699,60,2021
166,421635,1111,434,68,30,2021
167,420285,1755,572,1096,260,2021
168,420775,2488,792,358,58,2021
169,421825,448,251,57,76,2021
170,421070,484,355,124,90,2021
171,421650,1428,902,140,35,2021
172,420710,13264,4237,286,151,2021
173,421690,1820,1373,583,88,2021
174,420215,676,282,66,37,2021
175,421560,236,181,151,18,2021
176,421575,368,210,170,3,2021
177,421880,1135,715,144,52,2021
178,420515,899,532,88,7,2021
179,420590,9358,3694,1619,357,2021
180,421740,4058,1758,751,99,2021
181,420370,584,508,153,16,2021
182,421140,1585,762,231,6,2021
183,420455,3277,1571,641,136,2021
184,420820,22503,11567,7278,2027,2021
185,421470,1962,800,100,46,2021
186,421550,164,105,13,3,2021
187,420620,1276,882,291,13,2021
188,421885,354,111,48,12,2021
189,421555,323,194,285,23,2021
190,420630,659,454,52,15,2021
191,420195,4949,1772,841,74,2021
192,420840,5152,1550,57,23,2021
193,421890,1291,564,219,89,2021
194,420530,7241,2042,610,91,2021
195,420845,7726,4946,1430,189,2021
196,421390,309,65,104,28,2021
197,420417,384,119,125,54,2021
198,421680,218,149,10,18,2021
199,421570,2235,1328,537,26,2021
200,420205,7464,2147,613,93,2021
201,420480,9657,3626,1898,1241,2021
202,420170,1418,591,347,152,2021
203,421225,308,157,99,5,2021
204,420207,5300,2446,435,141,2021
205,421190,26265,18142,7949,1525,2021
206,421910,1595,339,44,3,2021
207,420430,3317,1822,852,81,2021
208,420140,7075,4219,1604,279,2021
209,421187,449,166,78,7,2021
210,421340,822,237,145,120,2021
211,421335,278,131,56,26,2021
212,420535,625,229,150,22,2021
213,420070,959,390,126,35,2021
214,421840,5948,1967,38,15,2021
215,420920,106,50,157,22,2021
216,421900,6132,3275,1367,628,2021
217,420190,1657,602,136,80,2021
218,421725,384,195,45,14,2021
219,420380,8431,3118,507,190,2021
220,421545,11524,4700,110,77,2021
221,421330,920,670,62,238,2021
222,420435,705,222,23,6,2021
223,420130,12466,5967,290,46,2021
224,421810,537,661,26,3,2021
225,421175,2086,947,206,35,2021
226,421640,1742,936,175,116,2021
227,420120,1813,644,379,32,2021
228,421350,10704,4520,432,111,2021
229,420460,87913,39465,2731,475,2021
230,420240,29689,30525,5975,1537,2021
231,421710,698,191,80,14,2021
232,420970,3848,1065,238,85,2021
233,421920,2874,591,154,69,2021
234,420750,5820,2793,679,125,2021
235,421170,2683,1971,746,161,2021
236,421110,2166,836,60,4,2021
237,421569,707,228,128,7,2021
238,421800,10674,4318,279,59,2021
239,420540,94982,30902,3124,2020,2021
240,421003,2009,759,218,139,2021
241,421715,615,332,213,21,2021
242,420165,890,590,642,78,2021
243,421775,1378,591,227,50,2021
244,421100,1450,919,137,146,2021
245,420320,11631,6052,356,94,2021
246,421565,634,440,155,24,2021
247,421850,591,444,44,27,2021
248,420860,477,217,144,49,2021
249,420690,5384,2276,480,122,2021
250,420917,559,357,130,25,2021
251,420770,1021,476,380,60,2021
252,421200,1767,555,248,52,2021
253,421315,322,137,117,10,2021
254,420243,403,126,20,10,2021
255,421830,5786,2691,870,241,2021
256,421760,2376,918,309,60,2021
257,421415,787,308,417,57,2021
258,420650,7840,3223,1766,367,2021
259,420090,1292,425,325,52,2021
260,420230,20339,11683,4752,1475,2021
261,421500,6495,3522,972,254,2021
262,420425,4873,2080,343,95,2021
263,421960,2582,504,756,39,2021
264,420490,2065,800,44,6,2021
265,421870,7223,5470,1065,163,2021
266,420520,177,163,122,27,2021
267,421010,26911,11976,954,465,2021
268,421310,1604,701,245,38,2021
269,420600,2265,1370,154,63,2021
270,421005,180,95,128,8,2021
271,421205,547,242,34,20,2021
272,420040,913,341,83,7,2021
273,420257,156,75,52,4,2021
274,420180,134,54,103,17,2021
275,421270,5451,383,70,17,2021
276,420900,2195,1368,637,109,2021
277,420110,234,172,37,14,2021
278,421440,847,441,124,127,2021
279,421210,1275,382,73,71,2021
280,421630,5994,3155,719,217,2021
281,420213,757,221,50,10,2021
282,421780,5816,1949,332,50,2021
283,421120,3409,1562,890,134,2021
284,420280,17843,4037,4261,71,2021
285,421567,1857,493,158,150,2021
286,420910,86607,62416,14848,2273,2021
287,420450,2917,939,538,60,2021
288,421040,2454,855,20,86,2021
289,420287,519,122,17,3,2021
290,420757,1622,385,110,4,2021
291,420980,436,129,19,19,2021
292,421400,1896,632,334,128,2021
293,420253,930,159,107,83,2021
294,421507,855,587,43,10,2021
